{
    "variants": {
		"": [
            { "model": "biomesoplenty:block/porous_flesh", "weight":145 },
			{ "model": "biomesoplenty:block/porous_flesh_0", "weight":130 },
			{ "model": "biomesoplenty:block/porous_flesh_1", "weight":72 },
			{ "model": "biomesoplenty:block/porous_flesh_2", "weight":75 },
			{ "model": "biomesoplenty:block/porous_flesh_3", "weight":74 },
			{ "model": "biomesoplenty:block/porous_flesh_4", "weight":37 },
			{ "model": "biomesoplenty:block/porous_flesh_5", "weight":23 },
			{ "model": "biomesoplenty:block/porous_flesh_6", "weight":21 },
			{ "model": "biomesoplenty:block/porous_flesh_7", "weight":19 },
			{ "model": "biomesoplenty:block/porous_flesh_8", "weight":17 },
			{ "model": "biomesoplenty:block/porous_flesh_9", "weight":15 },
			{ "model": "biomesoplenty:block/porous_flesh_10", "weight":1 },
			{ "model": "biomesoplenty:block/porous_flesh_11", "weight":1 }
        ]
    }
}
